WS_,Element_
Anillo_CAS_Yopal,CAS.El Deseo
Anillo_CAS_Yopal,CAS.El Morro y Marroquin
Anillo_CAS_Yopal,CAS.Florena
Anillo_CAS_Yopal,CAS.IND Dicorp
Anillo_CAS_Yopal,CAS.Los Venados
Anillo_CAS_Yopal,CAS.Via Chaparrera
Anillo_CAS_Yopal,YOP.Clinica
Anillo_CAS_Yopal,YOP.Colina
Anillo_CAS_Yopal,YOP.Aeropuerto
Anillo_CAS_Yopal,YOP.Aeropuerto-2
Anillo_CAS_Yopal,YOP.Alcaravan
Anillo_CAS_Yopal,YOP.Avenida 30
Anillo_CAS_Yopal,YOP.Batallon
Anillo_CAS_Yopal,YOP.Bello Horizonte
Anillo_CAS_Yopal,YOP.Bello Horizonte-2
Anillo_CAS_Yopal,YOP.Brozquero
Anillo_CAS_Yopal,YOP.Calle 40
Anillo_CAS_Yopal,YOP.Canaguaro
Anillo_CAS_Yopal,YOP.Canaguaro-2
Anillo_CAS_Yopal,YOP.Cravo
Anillo_CAS_Yopal,YOP.DAS
Anillo_CAS_Yopal,YOP.El Laguito
Anillo_CAS_Yopal,YOP.El Libertador
Anillo_CAS_Yopal,YOP.El Oasis
Anillo_CAS_Yopal,YOP.El Oasis-2
Anillo_CAS_Yopal,YOP.El Paraiso
Anillo_CAS_Yopal,YOP.El Progreso-2
Anillo_CAS_Yopal,YOP.El Triunfo
Anillo_CAS_Yopal,YOP.El Triunfo-2
Anillo_CAS_Yopal,YOP.IND CAV
Anillo_CAS_Yopal,YOP.IND Cosechar
Anillo_CAS_Yopal,YOP.IND Telematica
Anillo_CAS_Yopal,YOP.La Amistad
Anillo_CAS_Yopal,YOP.La Bendicion
Anillo_CAS_Yopal,YOP.La Esperanza
Anillo_CAS_Yopal,YOP.La Esperanza-2
Anillo_CAS_Yopal,YOP.Llano Lindo
Anillo_CAS_Yopal,YOP.Los Helechos
Anillo_CAS_Yopal,YOP.Oriente
Anillo_CAS_Yopal,YOP.Rb Gobernacion
Anillo_CAS_Yopal,YOP.Terminal
Anillo_CAS_Yopal,YOP.Terminal-2
Anillo_CAS_Yopal,YOP.Coracora
